Sat Dec 12 15:02:31 +0000 2015 Reminder:  westbound traffic shift btn  &amp;  exit begins tonight at 11PM. 
"Fri Dec 11 22:03:08 +0000 2015 Reminder:  CLOSED both directions on Saturdays &amp; Sundays, 12/5 thru 12/20, 7am-3pm. Details below: "
"Fri Dec 11 21:03:29 +0000 2015 REMINDER:  96th St Transverse closed tomorrow, Sat 12/12 from 12:01am-6am. "
Fri Dec 11 19:15:22 +0000 2015 No overnight detours for Manhattan-bound traffic on  this weekend.   
"Thu Dec 10 19:53:40 +0000 2015  NYPD closes South Outer Roadway of lower level 9pm to 6am, nightly. Please see  for scheduled closures"
Thu Dec 10 13:03:22 +0000 2015 Reminder: Today (12/10)  single lane closures begin from 10am-3pm 
Wed Dec 09 19:40:19 +0000 2015 Tonight's  w/b traffic shift btn  &amp;  has been rescheduled for Sat 12/12 11PM 
Wed Dec 09 17:05:43 +0000 2015 Monday 12/14 10AM-3PM  pedestrian &amp;  path will be narrowed for cleaning of drainage system. 
Wed Dec 09 16:15:13 +0000 2015  full closure for vehicles  ped 12/16-12/18 12:01-5AM &amp; 12/19 1-6AM.Alt  
"Wed Dec 09 15:12:02 +0000 2015  Signs are posted 24-48hours in advance of scheduled road work. If not moved, we relocate cars to nearest legal spot available (1/2)"
Wed Dec 09 13:32:11 +0000 2015 TODAY:  vehicular lane closures on Lower Roadway: 10AM-2PM &amp; Upper Roadway: 10PM-5AM 
Tue Dec 08 22:06:55 +0000 2015   Stay tuned to  &amp;  for updates on road closure at this location
"Tue Dec 08 14:03:40 +0000 2015  single lane closures on 12/10, 10am-3pm "
"Mon Dec 07 21:35:12 +0000 2015 Nightly  vehicular lane closures next week: 12/14+12/15 10PM-5AM, and 12/16 12:01AM-5:40AM "
Mon Dec 07 21:00:27 +0000 2015  nightly lane closures &amp; full closures of North Tube continuing thru 12/24; details below: 
"Mon Dec 07 15:46:10 +0000 2015 Tonight  vehicular lane closures: Upper Roadway: 12/7 &amp; 12/9 10PM-5AM, Lower Roadway: 12/9 10AM-2PM "
"Mon Dec 07 15:32:42 +0000 2015 Early morning full bridge closures for  12/8-12/12, approx 12:01AM-5AM  "
"Mon Dec 07 14:46:01 +0000 2015  lane closures under  &amp;  bridges one day only 12/10, 10am-3pm (weather permitting) "
"Mon Dec 07 14:03:50 +0000 2015 REMINDER:   &amp; ped path CLOSED tonight 12/7, 10pm-5am.  providing shuttle bus. "
"Fri Dec 04 22:02:53 +0000 2015 Reminder:  CLOSED both directions on Saturdays &amp; Sundays, 12/5 thru 12/20, 7am-3pm. Details below: "
"Fri Dec 04 21:56:19 +0000 2015 RESCHEDULED: This  Westbound Traffic Shift has been rescheduled for Wednesday, 12/9 at 10pm. See below: "
"Fri Dec 04 21:03:48 +0000 2015 REMINDER:  86th St Transverse closed tomorrow, Sat 12/5 from 12:01am-6am."
"Fri Dec 04 19:41:37 +0000 2015  lane closures under  and  bridges on 12/9, 10am-3pm (weather permitting) "
Fri Dec 04 17:45:15 +0000 2015  NYC's Weekend Bridge &amp; Street Closures: Dec 5-6   
"Fri Dec 04 17:15:15 +0000 2015 W.155th St Viaduct of  Bx-bound lane closure &amp; full sidewalk closure from 12/8 thru 12/10, 10am-3pm "
"Fri Dec 04 15:03:31 +0000 2015  lane closure 12/7 from 7am-3pm, intermittent 15-min full bridge closure 12/15 from 10am-2pm. "
"Fri Dec 04 15:03:19 +0000 2015 More  pedestrian,  &amp; vehicular lane closures happening next week.  "
Thu Dec 03 21:16:06 +0000 2015  Westbound Traffic Shift between  &amp; the  begins at 10pm on Mon 12/7 
"Thu Dec 03 19:46:09 +0000 2015 Early morning full bridge closures for  12/8-12/12, approx 12:01AM-5AM  "
"Thu Dec 03 14:03:41 +0000 2015 TONIGHT   &amp; ped path CLOSED 12/6 &amp; 12/7, 10pm-5am  work. Shuttle bus available "
"Wed Dec 02 21:25:13 +0000 2015  The shared bike/ped path across Pulaski Bridge is open during construction, though there may be brief closures during work hours."
"Wed Dec 02 18:55:27 +0000 2015 Upcoming  vehicular lane closures: Upper Roadway: 12/7 &amp; 12/9 10PM-5AM, Lower Roadway: 12/9 10AM-2PM "
"Wed Dec 02 14:16:54 +0000 2015  Transverses Closures: 86th Street closed 12/5, 12:01am-6am. 96th Street closed 12/12, 12:01am-6am. "
Tue Dec 01 21:15:58 +0000 2015 Tonight's lane closures on  roadway have been postponed due to weather.
"Tue Dec 01 21:03:11 +0000 2015 Extended:  CLOSED both directions on Saturdays &amp; Sundays, 12/5 thru 12/20, 7am-3pm. Details below: "
"Tue Dec 01 17:32:34 +0000 2015 Reminder: Expect lane closures on  tonight + Thur 12/3, 10PM-5AM for preventative maintenance work. "
Tue Dec 01 14:06:04 +0000 2015 Today:  lane closures btn 12:01-3PM. Cyclists may need to dismount to pass work area  
"Mon Nov 30 21:50:14 +0000 2015   &amp; pedestrian path CLOSED on 12/3 &amp; 12/7, from 10pm-5am. Shuttle bus available, see below: "
"Mon Nov 30 15:08:34 +0000 2015 Reminder:  lane closures for Mn &amp; Bk bound vehicles begins tonight 11/30 + Tue 12/1, 10PM-5AM "
Sun Nov 29 17:31:41 +0000 2015 Reminder Expect lane closures on  Mon 11/30 12:01-5AM to clean drainage system.  
"Fri Nov 27 19:02:56 +0000 2015 Preventative maintenance work on  Tues 12/1+ Thur 12/3, 10PM-5AM. Expect lane closures. "
"Fri Nov 27 16:35:36 +0000 2015 Expect  lane closures 12/1, 12:01-3PM. Cyclists may need to dismount to pass work area.  "
Wed Nov 25 19:32:13 +0000 2015 Expect lane closures on  Mon 11/30 12:01-5AM to clean drainage system. 
"Wed Nov 25 14:45:55 +0000 2015  lane closures for Mn&amp;Bk bound vehicles Mon11/30+Tue12/1 nights, 10PM-5AM  "
"Tue Nov 24 16:32:06 +0000 2015  lane closures &amp; full closures for North Tube only, 11/30 thru 12/12. See below for details: "
"Fri Nov 20 22:03:15 +0000 2015 REMINDER:  full closures Saturdays &amp; Sundays thru 11/22, 7am-3pm. Alt route: Metropolitan Ave "
Fri Nov 20 17:47:14 +0000 2015  Overnight detour for Mn-bound vehicles Fri + Sat PM. Vehicles access  from Pearl or Centre 
Fri Nov 20 17:45:28 +0000 2015  eastbound traffic shift b/w Flatbush Ave &amp; Mill Basin Bridge beginning 10pm on Mon 11/23 
"Fri Nov 20 17:15:24 +0000 2015  maintenance on 11/24:  lane closure from 7am-3pm, 15min full bridge closures from 10am-2pm "
"Fri Nov 20 16:45:17 +0000 2015  lane closures b/w Ave H &amp; Ave I, one night only 11/23 from 9pm-5am "
"Wed Nov 18 21:16:00 +0000 2015  single lane closures: Lower Roadway closures on 11/23, Upper Roadway on 11/24 &amp; 11/25. See below: "
"Tue Nov 17 19:25:38 +0000 2015  single lane closures, 11/19 from 10pm-6am "
"Tue Nov 17 13:32:13 +0000 2015  single lane closures, 11/18 from 11pm-6am "
Mon Nov 16 21:14:17 +0000 2015   contractor has postponed this closure.
Mon Nov 16 21:12:47 +0000 2015   contractor has postponed this closure.
"Mon Nov 16 20:40:54 +0000 2015  lane closures b/w Ave H and Ave I, one night only 11/18 from 9pm-5am "
"Mon Nov 16 19:05:54 +0000 2015 RESCHEDULED: This  traffic switch has been rescheduled to Sunday, 11/22 from 2am-5am. "
Mon Nov 16 18:00:43 +0000 2015 CANCELED: All lane closures in the Battery Park Underpass are CANCELED for the week of 11/16 thru 11/21.
"Mon Nov 16 13:03:01 +0000 2015  Upper Roadway partial lane closures, Mn-bound 11/17 10pm-5am, Qns-bound 11/19 11pm-5am "
"Fri Nov 13 22:03:21 +0000 2015 REMINDER:  full closures Saturdays &amp; Sundays thru 11/22, 7am-3pm. Alt route: Metropolitan Ave "
"Fri Nov 13 21:15:09 +0000 2015  single lane closures, 11/17 from 11pm-6am "
"Fri Nov 13 20:45:13 +0000 2015  full bridge closure 11/19 thru 11/21, Thurs &amp; Fri 12:01am-5am, Sat 1am-6am. Detour below: "
Fri Nov 13 19:45:16 +0000 2015   closures for this weekend: 
"Fri Nov 13 17:39:08 +0000 2015  overnight detours for Manhattan-bound traffic, Fri &amp; Sat nights.   "
Thu Nov 12 21:10:56 +0000 2015  southbound traffic moving to former northbound lanes on Wed 11/18 from 1am-6am 
Thu Nov 12 17:21:18 +0000 2015 Update:  pedestrian/ promenade work completed last night. No path closure tonight (11/12) 
Thu Nov 12 15:03:37 +0000 2015  pedestrian/ path will be closed tonight 9PM until Fri 6AM. Please use  as alternate route.
Wed Nov 11 18:06:12 +0000 2015  11/13 Partial Lane Closures: N/B 10AM-Noon; S/B 12-3PM. Alt Route:  
Wed Nov 11 16:06:57 +0000 2015    Scheduled NYC closures available here:  Please check with  regarding LIE.
Wed Nov 11 14:11:26 +0000 2015  Promenade fully closed tonight 11/11 9pm-6am. Use  as alt route.   
"Tue Nov 10 16:07:13 +0000 2015 UPDATE: Due to weather, tonight's closure of the  pedestrian/ path is rescheduled for Thurs 11/12 9PM to Fri 6AM."
Tue Nov 10 14:16:44 +0000 2015  Promenade fully closed tonight 11/10 9pm-6am. Use  as alt route.   
"Mon Nov 09 21:45:16 +0000 2015  revised/extended nightly closures of NorthTube thru 11/20, SouthTube closures continue 11/21: "
"Mon Nov 09 20:30:50 +0000 2015  partial lane closures on 11/12, one Bx-bound lane closed 7am-10am, one Mn-bound lane 10am-3pm "
"Fri Nov 06 14:04:48 +0000 2015 REMINDER:  South Tube fully closed all day tomorrow, Sat 11/7 12:01am-11:59pm per  "
"Thu Nov 05 21:16:16 +0000 2015  partial lane closures on Tues, 11/10 from 7am-3pm. See below for details: "
"Thu Nov 05 16:03:54 +0000 2015   two lane closures in both directions under 49th Street, two nights a wk from 11/9 thru 12/11: "
"Wed Nov 04 20:55:40 +0000 2015  Mn-bound Lower Roadway right lane closed 12:01am-5am one/two weeknights per week,11/9 thru 12/28 "
"Wed Nov 04 18:06:10 +0000 2015  North &amp; South Tube night closures extended thru 11/14, see below for full schedule: "
Wed Nov 04 14:11:18 +0000 2015  Promenade fully closed tonight 11/4 9pm-6am. Use  as alt route.   
Tue Nov 03 21:25:33 +0000 2015 Propose a plaza for  Find out more at our  info session on 11/5:  
"Tue Nov 03 17:16:43 +0000 2015  lane closures on Thurs 11/5, Queens-bound closures: 10am-12pm, RI-bound: 12pm-3pm "
Tue Nov 03 14:11:12 +0000 2015  Promenade fully closed tonight 11/3 9pm-6am. Use  as alt route.   
"Mon Nov 02 21:50:44 +0000 2015  full closures Saturdays &amp; Sundays, 11/7 thru 11/22 7am-3pm. Alternate route: Metropolitan Ave "
"Mon Nov 02 20:16:19 +0000 2015  lane closures in each direction under 69th St Bridge and Woodside Ave Bridge continuing, see below for details: "
"Mon Nov 02 16:55:44 +0000 2015  lane closures on Wed 11/4, 10am-3pm. One lane will remain open at all times. "
Mon Nov 02 15:06:11 +0000 2015  North &amp; South Tube PM lane closures this week; South Tube full closure 11/7 per  
"Mon Nov 02 14:03:54 +0000 2015 REMINDER:  full bridge closure 11/3 thru 11/7, Tues-Fri 12:01am-5am, Sat 1am-6am. Detour info: "
Fri Oct 30 18:10:16 +0000 2015  overnight detours for Mn-bound traffic cont tonight 10/30. No closures 10/31 &amp; 11/1. Weekday closures cont 11/2. 
Fri Oct 30 15:22:50 +0000 2015  Please report sidewalk or street blocked by construction to  here: 
Fri Oct 30 13:04:25 +0000 2015 REMINDER:   stairway to the Promenade closed 10/31 from 1am-5am.  
"Thu Oct 29 19:25:57 +0000 2015  two westbound lane closures twice a week, Nov 2015 thru January 2016, 12:01am-5am. "
Wed Oct 28 17:08:35 +0000 2015   update: Overnight concrete pours + closures sealed prior to Sunday's   
"Wed Oct 28 15:46:11 +0000 2015  one lane closed either direction 11/2 thru 2/26, 2 or 3 nights per week. See below for details: "
"Tue Oct 27 20:35:38 +0000 2015  Brooklyn-bound lane closures one upper &amp; one lower lane, 11/2 thru 12/21 twice a week, 12:01am-5am "
"Tue Oct 27 18:16:05 +0000 2015  full bridge closures 11/3 thru 11/7, Tues-Fri 12:01am-5am &amp; Sat 1am-6am. Detour info below: "
Tue Oct 27 16:03:07 +0000 2015  early morning lane closures between  &amp;  continuing thru 12/17. See below for details: 
"Fri Oct 23 18:30:50 +0000 2015 REVISED:  South Tube only single lane &amp; full closures, 10/26-10/31. See below for details: "
"Fri Oct 23 15:23:31 +0000 2015 Nightly  Promenade Closures:11/3,11/4,11/10,11/11 9PM-6AM. Peds &amp; cyclists may use  "
"Fri Oct 23 13:16:28 +0000 2015 Broadway (US Route 9) lane closures in both directions under  on 10/26 &amp; 10/28, 11pm-5am "
Thu Oct 22 19:35:42 +0000 2015 Single lane closures continuing 10/26 on   &amp; Woodhaven Blvd Service Rds. See below: 
Tue Oct 20 20:52:51 +0000 2015 Please be advised:  will be closed nightly from 10/22 thru 10/24 to all traffic.  map: 
Fri Oct 16 20:39:22 +0000 2015 Weekend closure alert:  N/B entrance ramp at  &amp;  closed Sat 9PM-Sun 9AM. Detour to  
Fri Oct 16 20:30:53 +0000 2015  No overnight detours for Mn-bound traffic this weekend. Weekday overnight closures resume on Monday night (10/19) 
"Fri Oct 16 20:25:18 +0000 2015 RESCHEDULED: Lane closures from  exit to Second Ave and on E. 128th St, 10/19 thru 10/22 10am-2pm "
Fri Oct 16 17:55:23 +0000 2015 REVISED:  closures continuing thru 10/31 for North tube only. South tube will be open. Details: 
Fri Oct 16 13:13:32 +0000 2015   is stuck in the open position. Electricians are reporting to the scene for repair. Please seek alternate route.
"Thu Oct 15 16:11:16 +0000 2015  lane closures in both directions under W. 252nd St Bridge on 10/19 &amp; 10/21, 11pm-5am "
"Wed Oct 14 19:40:45 +0000 2015    SBS stop is open, however  contractor is working on bioswale curb drainage"
Wed Oct 14 19:39:38 +0000 2015  Overnight  closures are currently scheduled to continue into November. For project updates: 
Tue Oct 13 13:25:36 +0000 2015  final stage traffic shift at  beginning at 10pm on 10/15. 
"Mon Oct 12 17:05:43 +0000 2015 REMINDER:  North Tube closures this week, South Tube closures extending thru 10/24. See below: "
"Mon Oct 12 14:16:07 +0000 2015  northbound lane closures under  on 10/14, 11pm-5am (weather permitting) "
"Mon Oct 12 13:04:14 +0000 2015 REMINDER:  full bridge closures this week Tues-Fri 12:01am-5am, Sat 1am-6am. Detour info below: "
"Sat Oct 10 14:03:22 +0000 2015 REMINDER:   closed, both directions on Sun 10/11, 12:01am-6am "
Fri Oct 09 21:03:09 +0000 2015 REMINDER:  Nightly MN-bound closures extended to daytime hours this wknd: 12AM 10/10 until 5AM 10/12 
Fri Oct 09 19:45:26 +0000 2015  partial lane closure at  10/12 thru 10/15 11pm-6am 
"Fri Oct 09 17:46:19 +0000 2015    West Drive is car-free all the time, East Drive remains open to vehicles weekdays 7-9am"
"Fri Oct 09 17:30:34 +0000 2015  westbound &amp; eastbound lane closures at  10/13 thru 10/16, 12am-5am "
"Fri Oct 09 16:00:28 +0000 2015  southbound single lane closures below the   ramp on 10/10, 9am-2pm "
"Fri Oct 09 14:04:01 +0000 2015 RT   overnight closure:   10/13-10/16 12-5AM, 10/17 1AM-6AM. "
Wed Oct 07 18:32:47 +0000 2015  Nightly MN-bound closures extended to daytime hours this wknd: 12AM 10/10 until 5AM 10/12.  
"Wed Oct 07 17:35:40 +0000 2015  full bridge closures, 10/13 thru 10/17, Tues-Fri 12:01am-5am, Sat 1am-6am. Detour info below: "
Wed Oct 07 17:01:23 +0000 2015  under WEST 236th St Pedestrian Bridge: intermittent single lane closures overnight begins 10/9 
Wed Oct 07 15:20:58 +0000 2015  under E 236th St Pedestrian Bridge: intermittent single lane closures overnight begins 10/9: 
"Wed Oct 07 13:32:22 +0000 2015   closed, both directions on Sun 10/11, 12:01am-6am "
Mon Oct 05 17:03:47 +0000 2015  Rd over  lane closures 10/7 11PM-5AM to repair underdeck concrete (weather permitting) 
"Mon Oct 05 13:06:06 +0000 2015 Lane closures from  exit to Second Ave and on E. 128th St, 10/6 &amp; 10/13 12:01am-5am weather permitting "
"Mon Oct 05 13:03:38 +0000 2015  single lane closures Mon-Thurs starting today 10pm-12am, in addition to full closures. Details: "
Sun Oct 04 19:02:30 +0000 2015 Reminder:  Mn-bd upper level right lane &amp; intermittent bike path closure 10/5+10/6 11AM-4PM  
"Sun Oct 04 18:59:07 +0000 2015 Expect continued traffic delays in area of 13th Ave and 42nd St, BK. Explosion efforts continue today."
"Fri Oct 02 20:30:21 +0000 2015  early morn full closures continuing: northtube thru 10/3, southtube 10/6 thru 10/10. See below: "
"Fri Oct 02 19:50:25 +0000 2015  two lane closures rescheduled for 10/6 thru 10/10, 1am-5am. Updates on  "
"Fri Oct 02 18:25:02 +0000 2015  Yes, UN General Assembly street closures continue thru 10/3. Check our weekend traffic advisory: "
Fri Oct 02 17:30:37 +0000 2015  overnight detours to MN-bound traffic on 10/2 and 10/3. No closure 10/4.  More Info: 
Fri Oct 02 14:32:03 +0000 2015 . advisory:  Mn-bd upper level right lane &amp; intermittent  bike path closure 10/5+10/6 11AM-4PM 
"Fri Oct 02 13:27:48 +0000 2015 Due to adverse weather conditions, the northbound  traffic switch to temporary roadway postponed until Mon 10/5 at 10am."
"Thu Oct 01 13:35:30 +0000 2015  one lane closed 10am-3pm, eastbound: 10/5 thru 10/8, westbound: 10/6 "
Wed Sep 30 22:49:05 +0000 2015 Please note: Closure of right lane of northbound  at 155th St./ for repair work. Two lanes remain open.
"Wed Sep 30 19:25:31 +0000 2015  under  lanes closed one direction at a time, 10am to 3pm on 10/5, 10/7 &amp; 10/12 "
"Wed Sep 30 15:32:22 +0000 2015  two southbound lane closures 10/5 thru 10/30, 11pm-5am from W 82nd St to W 72nd St "
Tue Sep 29 19:21:07 +0000 2015 The  ramp to the  has reopened following a closure for emergency repair work. All lanes are open.
Tue Sep 29 17:26:12 +0000 2015  Full closure of n/b Harlem River Drive ramp to GW began last night due to emergency repair work
"Tue Sep 29 13:05:52 +0000 2015  over  lane closures ten nights thru 10/24. One lane closed 12:01am-5am, two lanes closed 1am-5am "
"Tue Sep 29 03:15:58 +0000 2015 Full closure of northbound  ramp to the  until further notice, due to emergency repair work."
"Mon Sep 28 23:02:34 +0000 2015 REMINDER:  under  lanes closed one direction at a time tonight, 9/28 11pm-5am "
"Mon Sep 28 19:31:50 +0000 2015   two westbound lane closures, 10/1 thru 10/3, 1am-5am "
Thu Sep 24 20:04:12 +0000 2015   Bridge may close for up to 15min at a time as needed btn 7am-7pm to permit marine traffic to pass per Coast Guard
"Thu Sep 24 14:51:18 +0000 2015  No work planned 9/25 on Battery Park Underpass, though streets may face interruptions. Road closure info: "
Wed Sep 23 22:02:02 +0000 2015    There are no plans to close the East River bike path.
Wed Sep 23 21:22:45 +0000 2015    Road closures are posted here: 
"Wed Sep 23 13:04:21 +0000 2015 REMINDER:  under  lanes closed one direction at a time tonight, 9/23 11pm-5am "
"Tue Sep 22 16:40:52 +0000 2015  intermittent 15-min daytime full bridge closures, 9/25-10/2 7am-7pm "
"Mon Sep 21 13:04:04 +0000 2015 REMINDER:  under  lanes closed one direction at a time tonight, 9/21 11pm-5am "
"Fri Sep 18 20:45:26 +0000 2015  night lane closures in both directions over  9/22-10/3. One lane closed 11pm-5am, two lanes 1am-5am "
"Fri Sep 18 19:42:56 +0000 2015  intermittent 20-min early morning closures, Sat 9/19 2am-5am."
"Fri Sep 18 17:15:21 +0000 2015  morning full closures of either north or south tube continue Tues-Fri 12:01am-5am, Sat 1am-8am "
Wed Sep 16 20:47:32 +0000 2015 Street closures for  General Assembly begins Friday 9/18 through 10/3.  
"Wed Sep 16 14:20:53 +0000 2015  under  closed one direction at a time on three nights - 9/21, 9/23 &amp; 9/28 11pm-5am "
Sun Sep 13 15:43:04 +0000 2015 Congrats to  for today's opening of   Line to    
Fri Sep 11 14:55:51 +0000 2015  is suspended Monday &amp; Tuesday for  Follow  for daily updates.
Thu Sep 10 16:00:45 +0000 2015 Please note: Manhattan street closures for Fri  from 7am-5pm   
Wed Sep 02 20:16:35 +0000 2015  This segment is part of a DDC water main project. Upon completion of construction the protected bike lane will be restored.
Wed Sep 02 19:46:29 +0000 2015 REVISED: Full closure of  North Tube for Fri 9/4 is cancelled. See below for continuing closures 
"Tue Sep 01 14:25:47 +0000 2015   full closure, both directions 9/2 &amp; 9/3, 11pm-5am. Details below: "
"Mon Aug 31 20:15:43 +0000 2015  North Tube (FDR to West St) FULLY CLOSED, one day only Fri 9/4, 12:01am-5am. Detour info below: "
Mon Aug 31 13:04:05 +0000 2015 REMINDER:  full bridge closures begin tonight thru 9/5. See below for details and detour info: 
"Fri Aug 28 13:40:50 +0000 2015  one lane closure in both directions under West 246th Street Bridge 8/31 &amp; 9/2, 11pm-5am "
"Thu Aug 27 13:04:10 +0000 2015 REMINDER:   full closure in both directions, 8/27 and 8/28, 11pm-5am "
"Wed Aug 26 13:15:53 +0000 2015   Path closed intermittently from W59th to W63rd St, weekdays 8am-2pm thru 9/30 "
"Tue Aug 25 17:55:38 +0000 2015  full bridge closure 9/1 thru 9/5, Tues-Fri 12:01am-5am, Sat 1am-6am. Detour info below: "
Tue Aug 25 13:02:42 +0000 2015  eastbound &amp; westbound early morning/daytime lane closures under  continuing thru 9/25 
Mon Aug 24 20:25:28 +0000 2015  Staten Island-bound overnight lane closures from  to  Ave 10 nights only 8/31 thru 10/31 
Mon Aug 24 14:05:41 +0000 2015  south tube early AM full closures from  to  early AM begins tonight 12:01-5am 
Fri Aug 21 21:50:50 +0000 2015  overnight detours to Mn-bound traffic cont tonight 8/21. No closures 8/22 8/23. More  info: 
"Fri Aug 21 20:03:43 +0000 2015 Close up the summer in   with the  Community Street Fair, 8/23 11am-4pm on 16th Ave b/w 42nd &amp; 45th St!"
Fri Aug 21 19:01:31 +0000 2015  south tube from  to  early morning full closure begins Tues 8/25 12:01-5am 
Thu Aug 20 16:20:57 +0000 2015 Concrete closure pours placed on  Manhattan approach during recent full weekend closure.  
"Thu Aug 20 13:15:23 +0000 2015   one lane closure 8/24 thru 8/26 10:30pm-5am, full closure 8/27 &amp; 8/28 11pm-5am "
Mon Aug 17 16:15:49 +0000 2015  lane closures in each direction under  Bridge &amp;  Bridge beginning 8/21. Details below: 
Fri Aug 14 13:40:20 +0000 2015  - East Approach: Legion Triangle closure beginning 8/17 
Thu Aug 13 19:35:21 +0000 2015 Extended single lane closures continuing 8/17 on   &amp; Woodhaven Blvd Service Rds. See below: 
"Thu Aug 13 13:30:37 +0000 2015  one lane closure 8/17 thru 9/18, two nights a week 11pm-5am "
"Wed Aug 12 21:01:05 +0000 2015  extended lane closures under 44th St, 2 nights/wk thru 9/25. See below for details: "
"Tue Aug 11 18:35:18 +0000 2015  full closure 8/14 and 8/15, Fri morn 12:01am-5am, Sat morn 1am-6am. See below for detour info: "
Tue Aug 11 13:31:05 +0000 2015  traffic shift: two eastbound lanes will be shifted to the right at  starting 10pm on 8/13 
"Mon Aug 10 15:20:27 +0000 2015  southbound lane closures, one night only 8/12. One lane closed 11pm-5am, two lanes closed 1am-5am "
Mon Aug 10 13:01:41 +0000 2015 Daytime &amp; overnight single-lane closures on   &amp; Woodhaven Blvd Service Roads starting 8/12 
"Fri Aug 07 13:20:26 +0000 2015  closed for repairs 8/12 and 8/13, 12:01am-5am "
"Thu Aug 06 20:15:38 +0000 2015  one lane closure under  two nights only 8/10 &amp; 8/12, 11pm-5am "
"Tue Aug 04 18:10:45 +0000 2015  eastbound lane closures b/w  &amp;  8/4 thru 8/7, 10pm-5am "
"Mon Aug 03 19:25:07 +0000 2015  repairs 8/3 thru 8/29, see below for south and north tube lane closure schedules. "
"Mon Aug 03 13:10:42 +0000 2015  partial closure at  Tues 8/4 thru Fri 8/7, 11pm-6am "
"Thu Jul 30 19:35:15 +0000 2015  work schedule change: On 8/1 and 8/8, the NORTH tube will be fully closed 1am-6am. SOUTH tube will remain open."
"Thu Jul 30 16:50:37 +0000 2015  Lane closure northbound or southbound twice/week 11pm-5am, 8/3 thru 10/30. See below for alt route: "
"Tue Jul 28 17:35:18 +0000 2015  two lane closures eastbound or westbound twice/week thru 9/30, 12:01am-5am "
"Tue Jul 28 00:01:34 +0000 2015 REMINDER:  intermittent 15 min bridge closures 7/28 thru 8/1, 2am-5am. Alternative routes below: "
"Mon Jul 27 22:01:42 +0000 2015 REMINDER:  intermittent 15-min full bridge closures 7/28, 8/3 &amp; 8/5, 10am-2pm "
Mon Jul 27 19:45:20 +0000 2015  Starting this week all Queensbound night closures will only occur on Tues &amp; Thurs starting  11pm: 
"Fri Jul 24 23:30:31 +0000 2015 REMINDER:  intermittent 15 min bridge closures 7/25, 2am-5am. Alternative routes below: "
"Fri Jul 24 19:05:24 +0000 2015  intermittent 15-min full bridge closures, 7/28, 8/3 &amp; 8/5, 10am-2pm. Rain date: 8/7 "
"Fri Jul 24 14:05:24 +0000 2015  under  lane closures 7/29 thru 9/9, Mon-Thurs 11pm-5am, Fri 11pm-Sat 6am, Sun 12:01am-12pm "
"Thu Jul 23 20:01:06 +0000 2015  Full closure of NORTH tube (FDR Dr to Route 9A) from 1am-8am, Sat 7/25. South tube closures will resume 7/28  12:01am"
Thu Jul 23 18:31:01 +0000 2015  over E.167th St: temporary elimination of parking &amp; weeknite underpass lane closures begin 7/27 
"Thu Jul 23 16:01:33 +0000 2015  intermittent 15 min bridge closures 7/25 &amp; 7/28 thru 8/1, 2am-5am. See below for travel alternatives "
"Thu Jul 23 14:31:18 +0000 2015  one north tube lane closure, weekdays only 7/27 to 9/4 10am-3pm "
"Wed Jul 22 13:50:34 +0000 2015  under  closures twice/wk 7/27 to 8/28: 1 lane closed 12:01am-5am, 2 lanes closed 1am-5am "
Tue Jul 21 15:10:42 +0000 2015  Nightly MN-bd closures extend to daytime hours this weekend: 12:01am 7/25 until 5am 7/27. More info: 
"Mon Jul 20 15:31:20 +0000 2015 REMINDER:  south tube closed 7/21 thru 8/8, Tues-Fri 12:01am-5am &amp; Sat 1am-8am "
"Mon Jul 20 13:10:48 +0000 2015 REMINDER:  closures 7/20 &amp; 7/22, eastbound lane closed 11pm-5am, intermittent full closures 1am-5am "
"Fri Jul 17 16:05:24 +0000 2015  early morning 15 min intermittent bridge closures 7/21-7/23, 2am-5am "
Fri Jul 17 15:30:32 +0000 2015  overnight detours to Mn-bd traffic on  midnight tonight to Sat 7am &amp; Sat midnight to Sun 9am 
"Fri Jul 17 13:35:19 +0000 2015  south tube closed from Route 9A to  7/21 thru 8/8, Tues-Fri 12:01am-5am &amp; Sat 1am-8am "
"Thu Jul 16 18:45:25 +0000 2015  lane closures under 44th St two weeknites/wk thru 7/31, 1 lane closed 11pm-5am, 2 lanes 12:01am-5am "
"Thu Jul 16 13:20:57 +0000 2015  closures 2 nights only 7/20 &amp; 7/22, eastbound lane closure 11pm-5am, intermittent full closures 1am-5am "
"Mon Jul 13 18:05:34 +0000 2015 REMINDER:  full closures 7/14-7/18 &amp; 7/21-7/25, Tues-Fri 12:01am-5am, Sat 1am-6am. Detour map: "
"Sat Jul 11 10:01:43 +0000 2015 REMINDER:  Closed both directions today, 7/18 &amp; 7/25 from 7am to 1pm. Alt route: Metropolitan Ave "
"Fri Jul 10 18:05:49 +0000 2015  one southbound lane closure, 7/13 and 7/15, 11pm-5am "
"Fri Jul 10 13:15:45 +0000 2015  early morning intermittent 15 min bridge closures 7/14 thru 7/18, 2am-5am "
"Thu Jul 09 21:34:43 +0000 2015   will be open but there will be work on that level during the day (7am-3:30pm), cyclists may need to dismount"
"Thu Jul 09 20:55:19 +0000 2015  one northbound lane closure M-F 9am-2pm, 10pm-6am, Old Putnam Trail closed M-F 7am-3:30pm thru Dec "
"Thu Jul 09 19:20:37 +0000 2015  full bridge closure 7/14-7/18 and 7/21-7/25, Tues-Fri 12:01am-5am, Sat 1am-6am. Detour below: "
"Thu Jul 09 15:35:31 +0000 2015  lane closure under  starts 7/13, Mon-Thurs 11pm-5am, Fri 11pm-6am Sat, Sun 12:01am-12pm "
"Wed Jul 08 14:45:33 +0000 2015  53-hour Manhattan-bound closure, Sat 7/11 at 12:01am thru Mon 7/13 at 5am "
Wed Jul 08 13:33:44 +0000 2015    West Dr closed to motor vehicles; may drive on East Dr weekdays 7-9am 
"Tue Jul 07 13:55:41 +0000 2015  fully closed both directions on 7/11, 7/18 and 7/25 from 7am to 1pm. Alt route: Metropolitan Ave "
"Mon Jul 06 20:50:33 +0000 2015  Queensbound right lane closure on Upper Roadway, weeknights 12:01am-5am once/twice a week thru 8/31 "
"Mon Jul 06 20:05:40 +0000 2015  full closure from FDR to Route 9A continuing thru 7/18, Tues-Fri 12:01am-5am, Sat 1am-8am "
"Mon Jul 06 14:31:36 +0000 2015  early morning intermittent bridge closures 7/8 thru 7/11, 2am-5am "
"Fri Jul 03 20:30:54 +0000 2015  underpass closed, one direction at a time 3 nights only: 7/6-7/31, 12:01am-5am "
"Thu Jul 02 18:55:33 +0000 2015  sidewalk closure (east side) b/w Prospect St &amp; Red Cross Pl extended to August 28, 2015 "
Wed Jul 01 18:25:18 +0000 2015  crosswalk closure &amp; detour starting Mon 7/6. See below for detour map: 
"Mon Jun 29 13:25:20 +0000 2015 REMINDER  lane closures in both directions under 44th St, 3 weeknights only starting today thru 7/17 "
Sat Jun 27 10:01:10 +0000 2015 Reminder:  full closure today 7am-3pm for repairs. Use Metropolitan Ave as alternate route.
"Fri Jun 26 19:10:41 +0000 2015  lanes closed, both directions under 44th St, 3 weeknights b/w 6/29-7/17, one lane open at all times "
Fri Jun 26 18:43:21 +0000 2015 Weekly  Rehab Update: Overnight detours for Mn-bound traffic tonight + Sat night  
"Fri Jun 26 15:45:33 +0000 2015  intermittent 15-min daytime full bridge closures, Tues 6/30 10am-2pm "
Thu Jun 25 22:15:41 +0000 2015 4 more days til  north loop above 72nd goes  permanently! Begins 6/29 
"Thu Jun 25 20:45:38 +0000 2015  lane closure over BQE starting 6/29, Mon-Thurs 11pm-5am, Fri 11pm-6am Sat, Sun 12:01am-12pm "
"Thu Jun 25 14:40:38 +0000 2015  Full Closure for repairs: Saturday 6/27, 7am-3pm. Use Metropolitan Avenue as alternate route. "
"Tue Jun 23 19:05:42 +0000 2015  eastbound &amp; westbound lanes closed under Erskine St one night a week thru 7/3, one lane will remain open "
"Mon Jun 22 20:10:39 +0000 2015  midday single-lane closure of south tube (Route 9A to FDR Drive) for repairs, one day only b/w 6/24-6/30, 10am-3pm"
"Mon Jun 22 19:55:30 +0000 2015  Early morning 15-min intermittent bridge closures, 6/24 thru 6/27 2am-5am "
"Sun Jun 21 20:15:33 +0000 2015 Reminder:  full closure from FDR to Route 9A, 6/23 thru 7/11, Tues-Fri 12:01am-5am, Sat 1am-8am. "
Sat Jun 20 10:01:10 +0000 2015 Reminder:  full closure today 7am-3pm for repairs. Use Metropolitan Ave as alternate route.
"Fri Jun 19 20:25:27 +0000 2015  closed one direction each night, 6/23 &amp; 6/25 11pm-5am "
"Fri Jun 19 16:10:33 +0000 2015  Queensbound lane closures near Columbia Heights on 6/21, one lane: 12:01am-6am, two lanes: 2am-6am "
"Thu Jun 18 20:05:24 +0000 2015  Manhattan-bound 54-hour full closure, 6/20 at 12:01am thru 6/22 at 6am "
"Thu Jun 18 15:01:40 +0000 2015  Full Closure for repairs: Sat 6/20 and 6/27, 7am-3pm. Use Metropolitan Avenue as alternate route. "
"Wed Jun 17 19:05:40 +0000 2015  full closure from FDR to Route 9A, 6/23 thru 7/11: Tues-Fri 12:01am-5am, Sat 1am-8am "
"Tue Jun 16 13:25:25 +0000 2015  closed to traffic one night only, 6/17 10pm-5am (6/18 in the event of rain) "
"Mon Jun 15 13:15:42 +0000 2015  full bridge closures extended 6/16 thru 6/20, T-F 12:01am-5am, Sat 1am-6am. Detour map below: "
Sat Jun 13 10:00:50 +0000 2015 Reminder:  full closure today 7am-3pm for repairs. Use Metropolitan Ave as alternate route.
"Fri Jun 12 18:10:35 +0000 2015  single overnight lane closures begin 6/15: M-Th 10pm-5am, Fri 10pm-6am, Sat 10pm-9am. "
"Thu Jun 11 13:25:18 +0000 2015  full closure in both directions, 3 Saturdays: 6/13, 6/20, 6/27, 7am-3pm. Alt route: Metro Ave "
"Tue Jun 09 18:01:20 +0000 2015  two southbound lane closures under  on 6/10 and 6/12, 1am-5am "
"Mon Jun 08 21:01:18 +0000 2015  one northbound lane closed starting today for component rehabilitation, M-F 10pm-6am "
"Mon Jun 08 20:15:23 +0000 2015  One lane closed on Queens-bound Lower Roadway, 6/9 thru 8/30, Mon-Fri 12:01am-5am, Sat 1am-10am "
Mon Jun 08 16:02:20 +0000 2015  Overnight full bridge closures 6/9 thru 6/12 12:01am-5am and 6/13 1am-6am 
Fri Jun 05 20:40:26 +0000 2015  through  closed in both directions on 6/7 from 5am-11am 
Fri Jun 05 13:52:22 +0000 2015  closed to Manhattan-bound traffic 12:01AM Sat 6/7 to 9AM Sun 6/7. More info  Rehabilitation: 
"Tue Jun 02 15:01:53 +0000 2015  eastbound left and center lanes closed, one night only 6/3 or 6/4 11pm-5am "
"Mon Jun 01 20:20:28 +0000 2015  northbound lane closures from E. 81st St to E. 90th St thru 7/31, Mon-Thurs 11pm-5:30am, Sat 12:01am-6:30am "
Fri May 29 15:05:09 +0000 2015  Overnight MN-bound closures FRI 5/29 &amp; SAT 5/30. No closure SUN 5/31. Weekday overnight closures will resume MON 6/1.
"Wed May 27 15:30:46 +0000 2015  closed two weeknights only between 5/28 and 6/4, 9pm-5am "
"Tue May 26 20:00:53 +0000 2015  two lane closures eastbound or westbound twice a week thru 7/31, 12:01am-5am "
"Tue May 26 18:31:07 +0000 2015  northbound ramp to  right lane closed one night only, 5/27 10pm-5am 5/28 "
"Fri May 22 15:10:34 +0000 2015 Weekend Bridge/Street Closures May 22-25, 2015:  Sign up for e-mail traffic advisories: "
"Fri May 22 15:03:45 +0000 2015 Due to Memorial Day holiday, there will be no closures on the  this wknd. Overnight closures resume 5/26. "
Fri May 22 14:01:04 +0000 2015  under ramp to  southbound lane closure 5/23 from 12:01am-5am 
Wed May 20 23:15:19 +0000 2015  from  to  late night lane closures 10pm-5am on occasional weeknights thru 6/12 
"Fri May 15 15:07:35 +0000 2015 Weekend Bridge/Street Closures May 16-17, 2015:  Like this info? Sign up for weekly DOT updates "
Fri May 15 13:30:44 +0000 2015 Reminder  33-hour Mn-bd closure Sat 5/16 12:01am to 5/17 9am. Consider taking Manhattan/Williamsburg Bridge 
"Thu May 14 17:15:30 +0000 2015  over  - Bridge closure BOTH directions on Sat 5/16, 5/30 &amp; 6/6 7am-1pm "
Wed May 13 16:05:37 +0000 2015  over  will be closed May 15 12:01am-4am for routine testing. 
Wed May 13 16:01:14 +0000 2015  early morning intermittent closures for swing span operations training 5/15-5/23 2am-5am 
"Wed May 13 13:45:29 +0000 2015  daytime bridge closures for 15min periods Thurs 5/14, 10:30am-12:01pm for swing span inspection "
Mon May 11 20:30:15 +0000 2015  33-hour Mn-bd closure Sat 5/16 12:01am to Sun 5/17 9am. Consider taking Manhattan/Williamsburg Bridge 
"Mon May 11 19:45:39 +0000 2015  single lane closures weeknights in North Tube from  Drive to 9A. Begins 10pm TONIGHT 5/11, thru 5am 5/22."
"Mon May 11 17:02:56 +0000 2015  over  lane closures Tu/Th PM btn 5/12-5/22, 11pm-5am "
Mon May 11 14:15:51 +0000 2015  over  closure 5/12 1AM to 4AM. Repairs will also happen to E128th St Pedestrian Bridge 
"Fri May 08 19:40:25 +0000 2015  repairs resume on Saturday. Full bridge closure tomorrow, 5/9. Use Metropolitan Ave as alt. "
Fri May 08 19:10:33 +0000 2015  over  overnight lane closure begins 5/11. Schedule attached 
Fri May 08 19:10:05 +0000 2015  2: NEXT WEEKEND overnight AND daytime  Manhattan-bound closures 5/16 12:01am to 5/17 5am 
Fri May 08 19:08:16 +0000 2015  1: Overnight detours to  Manhattan-bound traffic tonight. No closure Sat/Sun PM. Learn more: 
Fri May 08 19:01:51 +0000 2015   navigation channel closed weekdays thru 5/22 to install steel girders over channel. 
"Fri May 08 16:20:24 +0000 2015 While  makes over the 191st Street Tunnel, please note that it will be closed Fri 5/15 10:30pm until Tues 5/19 at 5am."
Fri May 08 15:55:15 +0000 2015 Beginning this week  has daytime closures Mon-Fri 7am-6pm to remove paint &amp; apply new coating 
Thu May 07 13:35:27 +0000 2015 Early morning intermittent closures on  for swing span operations 5/9-5/14 (2am-5am). More info here 
Wed May 06 21:45:46 +0000 2015 Northbound  from E 81st to E 90th St lane closures extended through 6/1. See pic for lane closure days/times 
"Mon May 04 14:31:08 +0000 2015  intermittent bridge closures 5/5-5/8, 2am-5am for swing span operations "
Fri May 01 22:17:28 +0000 2015 Pothole repairs cont. tomorrow in all 5 boroughs: 60 crews will be working on residential streets &amp; major arterials 
Fri May 01 17:50:31 +0000 2015 Friday night overnight detour for Manhattan-bound traffic on  No closure Saturday or Sunday nights 
Fri May 01 16:22:26 +0000 2015 Access to South Municipal Parking Lot and Kiss &amp; Ride at the  will be closing 12am 5/3 in prep of  
"Fri May 01 16:15:26 +0000 2015  repairs resume on Saturday. Full bridge closure: 5/2,5/9. Use Metropolitan Ave as alt. "
"Thu Apr 30 21:46:28 +0000 2015 Please note the following street closures for tomorrow, May 1st between 5-8pm  "
Thu Apr 30 13:45:22 +0000 2015 Not riding  You can still grab life by the handlebars &amp;  Pls avoid  bike lane: it's closed 5/3 8am-4pm 
Wed Apr 29 16:30:48 +0000 2015 Reminder:  traffic shift begins 4/30 10pm. 2 E/B Belt Pkwy lanes at Bay Ridge Ave Exit 1 shift left 
"Mon Apr 27 19:01:43 +0000 2015 Two nights this week, two westbound lanes on  over  will be closed (11pm-5am). "
"Mon Apr 27 19:01:09 +0000 2015 Please note: the   will be closed Sunday, 5/3 8am-4pm for the  "
"Mon Apr 27 18:30:51 +0000 2015  intermittent bridge closures 4/28 -5/2, 2am-5am for swing span operations "
Mon Apr 27 14:01:34 +0000 2015 Routine testing of  tomorrow 4/28 10am-2pm. Bridge fully closed for up to 15 min at a time. 
Fri Apr 24 14:16:55 +0000 2015  overnight detour to Mn-bound traffic Sat 12:01am to 7am. No closure Sat/Sun PM  
"Fri Apr 24 14:15:26 +0000 2015  repairs resume on Saturday. Full bridge closure: 4/25,5/2,5/9. Use Metropolitan Ave as alt. "
Thu Apr 23 16:05:24 +0000 2015 Nighttime preventive maintenance on  Thurs 4/23 &amp; Fri 4/24 btn 10pm-5am. 
"Thu Apr 23 16:01:21 +0000 2015  intermittent bridge closures 4/24 + 4/25, 2am-5am for swing span operations "
Wed Apr 22 01:22:43 +0000 2015   Lane should be re-opened at 8am. Please contact your Boro Comm office with add'l questions 
Tue Apr 21 19:35:25 +0000 2015  traffic shift   begins 4/30 10pm. 2 E/B Belt Pkwy lanes at Bay Ridge Ave Exit 1 shift left 
Tue Apr 21 15:01:53 +0000 2015  lane closure under  this Thurs 11pm to  Fri 5am. 
"Tue Apr 21 14:01:15 +0000 2015  Upper Level lane closures 4/21,4/23+4/24 10pm-5am. Bike/Ped paths remain open, brief interruptions "
Mon Apr 20 19:00:54 +0000 2015 Nighttime preventive maintenance on  Thurs 4/23 &amp; Fri 4/24 btn 10pm-5am. 
Mon Apr 20 18:35:07 +0000 2015 Repairs continue on  btn  to  SI-bound lane closures Tues/Thur early AM's (4/27-8/27) 
Fri Apr 17 22:21:18 +0000 2015  overnight detour to Manhattan-bound traffic tonight: midnight-Sat 7am. No closures scheduled for Sat/Sun 
"Fri Apr 17 18:15:27 +0000 2015  repairs resume on Saturday. Full bridge closure: 4/18,4/25,5/2,5/9. Use Metropolitan Ave as alt. "
Fri Apr 17 12:15:26 +0000 2015  over  lane closures tmrw 4/18 btn 7am-1pm. One lane will remain open to traffic 
Wed Apr 15 20:35:11 +0000 2015  Ave Bridge: Traffic will be shifted to maintain one lane of traffic in each direction Thurs + Friday 8am-4pm 
Wed Apr 15 20:30:34 +0000 2015 Work resumes Thurs &amp; Friday on  Ave Bridge over  Parking temporarily removed from both sides of bridge 
"Tue Apr 14 20:05:12 +0000 2015  Upper Level lane closures 4/21,4/23+4/24 10pm-5am. Bike/Ped paths remain open, brief interruptions "
Tue Apr 14 14:45:31 +0000 2015  eastbound lane closure over  begins tonight 4/14 from 11pm-5am. More details here: 
"Tue Apr 14 14:15:51 +0000 2015  over  deck grating repairs resume on Saturday. Full bridge closure: 4/18,4/25,5/2,5/9 "
Fri Apr 10 19:30:24 +0000 2015  over  lane closures on four nights btn 4/14-4/23 from 11pm-5am. Details here: 
Fri Apr 10 17:48:14 +0000 2015 Overnight detours to Manhattan-bound traffic on  tonight (4/10). No closure Sat/Sun 4/11-4/12 nights. 
Fri Apr 10 13:25:15 +0000 2015  over  lane closures on 4/11+4/18 btn 7am-1pm. One lane will remain open to traffic 
Fri Apr 10 12:15:24 +0000 2015  over  lane closures on Sat 4/11 btn 7-10am for repair of navigation lights 
"Wed Apr 08 13:49:54 +0000 2015  suspended 4/9-4/11 (Thurs-Sat), meters remain in effect. Follow  for updates. 2015 ASP calendar here: "
Mon Apr 06 18:15:20 +0000 2015  w/b right lane closed 4/8-4/15 btn 10am-3pm (north tube) 
Mon Apr 06 11:31:12 +0000 2015 Early AM (1-5am) weekday lane closures on  exit ramp to  4/7-5/30 
Fri Apr 03 16:45:49 +0000 2015 Restoration work cont's on 3rd St Bridge  Sat/Sun 4/4-4/26 1 vehicle/bike lane closed intermittently 7am-1pm 
Fri Apr 03 14:21:38 +0000 2015  closed to Manhattan-bound traffic Sat btn 12:01am-7am. No closures Sat/Sun PM.  
Thu Apr 02 13:15:41 +0000 2015 Two nights per week btn 4/6-5/1 two lanes closed in both directions on  at  overpass 
Tue Mar 31 17:20:16 +0000 2015  under 44th St will have lane closures two nights/week btn 4/6-5/1 for bridge painting. More info 
Sat Mar 28 14:01:22 +0000 2015  E/B upper level FULLY CLOSED Sunday 12:01am-8am &amp; 9pm-5am Mon. One Lane closed on E/B lower level. 
Tue Mar 24 21:51:40 +0000 2015 To clarify:  notice was about today's three 15min bridge closures. Bike lane construction is scheduled for end of April
Tue Mar 24 18:59:14 +0000 2015  E/B upper level FULLY CLOSED Sun 3/29 12:01am-8am &amp; 9pm-5am Mon. One Lane closed on E/B lower level. 
Tue Mar 24 13:10:40 +0000 2015 Lane closures week of 3/30 on  btn 10PM-5AM to clean drainage system. More info 
Mon Mar 23 20:45:07 +0000 2015 (2/2) Tmrw btn 10am-2pm contractor will conduct  openings 3x/15min each re dedicated  project 
Mon Mar 23 18:02:12 +0000 2015 Reminder 2 lanes closed S/B  over  early AM's 3/24+3/25 to replace gear motor 
Mon Mar 23 13:45:42 +0000 2015  routine monthly testing Wed 3/25 btn 10am-2pm; bridge will be closed for up to 15min at a time 
Sun Mar 22 19:01:43 +0000 2015 Reminder:  staircase to  promenade closed tmrw &amp; Tues from 1am-6am 
Fri Mar 20 20:22:15 +0000 2015  overnight detour to Mn-bound traffic tonight (midnight-Sat 7am). No closures Sat/Sun. Learn more 
Fri Mar 20 18:05:09 +0000 2015  over  will have 2 lanes closed in either direction 2x a week from 12:01-5am thur 5/29 
Thu Mar 19 17:02:22 +0000 2015  staircase entrance to  Promenade closed nightly 11pm-6am btn 3/19-3/26 
Thu Mar 19 15:01:43 +0000 2015 Expect late night lane closures 3/23-4/30 N/B  Drive to repair overhead concrete &amp; expand protective shielding 
"Wed Mar 18 20:35:21 +0000 2015 Structural repairs continue   thru 4/30. 1 n/b lane closed 2 nights a week, 11pm-5am "
Wed Mar 18 18:01:57 +0000 2015  staircase to  promenade closed early AM's 3/23 + 3/24 (1-6am) 
Wed Mar 18 17:15:46 +0000 2015 Update: Lane closures 3/19-3/25 M-F10am-2pm  near 88th St  Bridge  
Wed Mar 18 17:01:16 +0000 2015 (1/2)  E127th St: Tree removal this wk along HRD &amp; Crack is Wack Park for construction staging area 
"Wed Mar 18 17:01:04 +0000 2015 (2/2)  E127th St: 3/23 Begin construction staging area install, partial Crack is Wack Park closure "
Wed Mar 18 14:36:16 +0000 2015 Closure begins today thru 5/31 for restoration work on the  Pedestrian Bridge  Brooklyn. 
Tue Mar 17 17:45:23 +0000 2015 Two lanes closed S/B  over  early AM's 3/24+3/25 to replace a gear motor 
Tue Mar 17 17:02:09 +0000 2015 Lane closures begin 3/19 to paint  over  near 88th St  
"Tue Mar 17 13:18:26 +0000 2015 Happy  Manhattan street closures during today's parade, from 11am-5pm: "
"Mon Mar 16 18:39:53 +0000 2015 BQE, west-bound center lane currently closed for emergency repair. Be advised, 2 west-bound lanes will be closed following rush hour."
Fri Mar 13 15:51:50 +0000 2015 Overnight detours tonight for  Mn-bound traffic. No detours Sat/Sun 
Fri Mar 13 15:18:24 +0000 2015  Mn-bound overnight detour on FRI 3/13. No closures Sat/Sun PM. PM closures resume Mon (3/16) 
Thu Mar 12 20:57:41 +0000 2015  urgent repairs continue this evening at 7pm w/ one lane closed in each direction. Lanes will re-open for Fri AM rush hour
Thu Mar 12 20:51:24 +0000 2015  staircase entrance to  Promenade closed nightly 11pm-6am btn 3/19-3/26 
"Wed Mar 11 22:02:57 +0000 2015 Traffic now restored on   Drawbridge. Electricians remain on location to conduct testing, may have continued delays"
Wed Mar 11 20:50:56 +0000 2015   drawbridge is stuck in open position. Electricians responding. Expect delays in the area.
Wed Mar 11 20:00:57 +0000 2015 During today's inspection crews ID'd emergency repair  Work will begin tonight 7pm &amp; will require closure of 1 e/b lane.
Wed Mar 11 14:01:40 +0000 2015 Reminder: Lane closures on S/B  over  TONIGHT 11:45PM-Thurs 4am 
Tue Mar 10 18:34:02 +0000 2015 LW's icy weather delayed arrival of barges necessary for  over  restoration. Bridge scheduled to close 3/18
"Tue Mar 10 12:30:48 +0000 2015 Rescheduled lane closures e/b  Joralemon to Middagh; 3/16-4/30. T-F 1 lane 12:01-5am, 2 lanes 1-5am. Sat til 6am. "
Mon Mar 09 22:30:42 +0000 2015 Lane closures on S/B  over  this Wed 3/11 11:45PM-Thurs 4am 
Mon Mar 09 16:02:13 +0000 2015 Reminder  Qns-bd Lower Rdy lane closure begins tomorrow 3/10 thru 6/7: M-F 12:01-5am Sat 1am-10am 
"Fri Mar 06 20:40:24 +0000 2015  will be suspended tomorrow, Saturday, March 7 due to snow operations. Meters will remain in effect."
"Fri Mar 06 18:24:38 +0000 2015   restoration work rescheduled to 3/14-3/19: Sat/Sun 7am-1pm, weeknights 11pm-5am "
Fri Mar 06 18:22:33 +0000 2015   bike lane closed intermittently 3/14-3/19 Sat/Sun 7am-1pm &amp; weeknights 11pm-5am 
Fri Mar 06 18:18:34 +0000 2015 Restoration work on   rescheduled to Sat/Sun 7am-1pm in March due to weather delays. 
Fri Mar 06 17:58:31 +0000 2015  Mn-bound overnight detours resume tonight (3/6). No closures Sat/Sun PM. PM closures resume Mon (3/9) 
Fri Mar 06 14:58:30 +0000 2015   During storms track DSNY snow removal at  or report roadway to  
Fri Mar 06 14:56:16 +0000 2015  Pls report the location to  so DSNY snow removal crews are notified 
Fri Mar 06 14:42:06 +0000 2015  Please report the location to  so that the appropriate agency may be notified to clear the snow. 
"Fri Mar 06 14:39:50 +0000 2015 Pls report to  MT  ""(unsheltered) bus stop  31st St &amp; 20th Ave  is never cleared of snow"" "
"Thu Mar 05 21:25:57 +0000 2015  will be suspended tomorrow, Friday, March 6 due to snow operations. Meters remain in effect."
Thu Mar 05 18:36:38 +0000 2015  lane closure on two nights btn 3/9-3/13 (10pm-5am). One lane will remain open at all times. 
"Wed Mar 04 15:04:47 +0000 2015 Pls report bike lane needing snow/ice removal to  MT  ""...plow the 1st Ave bike lane..."""
Wed Mar 04 14:52:03 +0000 2015  Pls report these conditions to  - This account is not monitored 24/7.
"Tue Mar 03 21:53:15 +0000 2015  suspended tomorrow, Wed, March 4 due to snow operations. Also suspended Thurs, March 5 for Purim. Meters remain in effect."
Tue Mar 03 16:40:35 +0000 2015  Qns-bd Lower Roadway lane closure 3/10-6/7 to repair wearing surface: M-F 12:01-5am &amp; Sat 1am-10am 
"Mon Mar 02 12:56:04 +0000 2015 Due to weather conditions the  Pedestrian Bridge closure over  is POSTPONED until at least Wednesday, March 4."
"Sun Mar 01 20:59:18 +0000 2015  will be suspended Monday, March 2nd due to snow operations. Meters remain in effect."
Fri Feb 27 20:39:45 +0000 2015 Due to prevailing weather conditions  Pedestrian Bridge over  closure may not begin 3/2. Will tweet update Mon AM.
"Fri Feb 27 19:13:37 +0000 2015 Overnight detour to Mn-bound traffic on  tonight (2/27), midnight-7am Sat. No closures Sat/Sun PMs. "
"Thu Feb 26 22:20:53 +0000 2015  will be suspended tomorrow, Friday, Feb 27, due to cold weather conditions. Parking meters will remain in effect."
Thu Feb 26 16:45:35 +0000 2015   The 8:30am  from  was cancelled due to ice. The  is running on schedule now.
"Wed Feb 25 21:58:14 +0000 2015    is in effect today 2/25, and suspended tomorrow 2/26."
"Wed Feb 25 21:51:54 +0000 2015  will be suspended tomorrow, Thurs Feb. 26 due to cold weather conditions. Meters will remain in effect."
"Wed Feb 25 14:30:55 +0000 2015 The  pedestrian bridge will be CLOSED for 3 months beginning March 2, more info: "
"Sun Feb 22 18:31:02 +0000 2015 Reminder  northbound ex 19 to E125th St fully closed Mon 2/23, 9am  Detour: "
Fri Feb 20 16:09:30 +0000 2015  Overnight detour to Mn-bound traffic Fri 2/20 PM. No closure Sat/Sun nights.  
"Thu Feb 19 21:22:10 +0000 2015  is suspended tmrw, Fri 2/20 &amp; Sat 2/21. Meters remain in effect."
Thu Feb 19 20:13:04 +0000 2015 Movable bridge operations will be suspended for marine vessels 6PM-6AM due to freezing temperatures. Bridges will remain open to motorists.
Wed Feb 18 17:31:06 +0000 2015 Expect  lane closures under  on 2/19+2/24 (11pm-5am) to repair cap beams; weather permitting 
"Wed Feb 18 16:02:02 +0000 2015  will be suspended tomorrow, 2/19 for the Asian Lunar New Year. Meters remain in effect."
Tue Feb 17 17:20:53 +0000 2015  suspended Wed 2/18 &amp; Thur 2/19. Meters remain in effect.
"Tue Feb 17 16:01:41 +0000 2015  will be suspended tomorrow, 2/18 for Ash Wednesday. Meters remain in effect."
"Sun Feb 15 17:01:19 +0000 2015 Reminder  will be suspended tomorrow, 2/16 for Washington's Birthday  Meters will remain in effect."
"Fri Feb 13 18:02:38 +0000 2015  over  lane closure weeknights Feb17-27 (11pm-5am), weather permitting. More info: "
Fri Feb 13 17:43:34 +0000 2015 No overnight detours for Manhattan-bound  traffic this weekend. More info here: 
"Fri Feb 13 16:01:10 +0000 2015  will be suspended Monday, 2/16 for Washington's Birthday  Meters remain in effect."
"Thu Feb 12 21:56:43 +0000 2015 Beginning Mon 2/23, approx 10am:  n/b exit closure at E125th St./Exit 19, thru 2017. Alternate exit: E135th St/Exit 21"
"Thu Feb 12 18:51:42 +0000 2015  will be suspended tomorrow, Friday 2/13 &amp; Saturday 2/14 to facilitate snow removal. Meters remain in effect."
Thu Feb 12 15:02:34 +0000 2015 Sat daytime work cont's   2/14-3/7. Bike lane closed intermittently btn 7am-1pm 
Wed Feb 11 22:01:26 +0000 2015  late night (12:01-5am) closures continue 1 or 2 nights per week thru May 30 for steel truss repair 
"Wed Feb 11 16:15:39 +0000 2015  will be suspended tomorrow, Thursday 2/12 for Lincoln's Birthday. All other regulations, including parking meters remain in effect."
Fri Feb 06 22:58:10 +0000 2015 Update: No overnight detours to Mn-bound  traffic this weekend. Weekday overnight closures resume on Mon (2/16) night
Fri Feb 06 21:02:38 +0000 2015 Tonight: Overnight Mn-bound detour for  No closure Sat/Sun. Weekday overnight closures resume Mon 2/9 
"Tue Feb 03 21:52:13 +0000 2015  will be suspended tomorrow, Wed 2/4 through Sat 2/7. Meters will remain in effect."
Tue Feb 03 21:25:50 +0000 2015  early AM full bridge closures rescheduled for 2/10-2/14 (approx 1am-6am) for testing. Detour map: 
"Tue Feb 03 15:01:30 +0000 2015  Correct,  is suspended today, Tues 2/3. Learn more  ASP here  or call 311 for immediate assistance"
"Mon Feb 02 21:04:18 +0000 2015  announced today that permits for overweight &amp; overdimensional vehicles will be suspended tonight effective 10PM to tmrw, 2/3 5:30am"
Mon Feb 02 20:30:56 +0000 2015  over  will have 1 lane closed Mon+Wed 11pm-5am all thru February. 
"Mon Feb 02 19:18:41 +0000 2015  suspended for tomorrow, Tuesday 2/2 "
Mon Feb 02 17:03:02 +0000 2015  will have early AM eastbound lane closures btn Joralemon to Middagh St 2/9-3/31. More info 
Sun Feb 01 19:01:10 +0000 2015 2 nights in Feb the n/b lanes  under  will be closed (11pm-5am) to repair shielding 
Sat Jan 31 17:30:52 +0000 2015  overnight closures have been cancelled for the week of Feb 2. No closures 1/31 nor 2/1.
Fri Jan 30 19:10:30 +0000 2015 Reminder  over  - intermittent closures of bike lane on Sat's in Jan btn 7am-1pm 
Thu Jan 29 17:30:07 +0000 2015 Resch'd  over  n/b lanes closed Tues 2/3 11pm-Wed 5am. Alt route  
"Thu Jan 29 16:01:29 +0000 2015 Beginning Feb 2, the  will be closed to vehicles until reconstruction is completed. Detour info: "
Thu Jan 29 16:00:50 +0000 2015 Repairs to   cont thru 3/27. 2x/wk 2 lanes may be closed in either direction (12:01-5am) 
Thu Jan 29 14:30:46 +0000 2015 Overnight detours for Mn-bound  traffic this Fri midnight to 7am Sat. No closure Sat/Sun PM. Info 
Wed Jan 28 21:53:19 +0000 2015  over  northbound lanes closed tonight 11pm-Fri 5am. Alt route =  
"Wed Jan 28 17:00:56 +0000 2015  will be suspended Thurs 1/29, Fri 1/30 &amp; Sat 1/31 to facilitate snow removal. Parking meters remain in effect."
Wed Jan 28 15:01:49 +0000 2015 S/B  under  will have two lanes closed overnight Jan 29: midnight-5am Jan 30 
Tue Jan 27 16:58:31 +0000 2015  will be suspended today and tomorrow (Wed) per  
Tue Jan 27 13:14:43 +0000 2015  has resumed service &amp; will maintain 30 minute schedule from both terminals during the day. Reg schedule will resume tmrw
"Mon Jan 26 18:05:09 +0000 2015  suspended today, Tuesday and Wednesday per "
"Mon Jan 26 00:47:52 +0000 2015 Permits for overweight &amp; overdimensional vehicles suspendedMon Jan. 26&amp; Tues Jan. 27, effective5:30amMon, due to expected winter storm."
Sun Jan 25 21:04:37 +0000 2015  suspended Monday and Tuesday. Per 
"Fri Jan 23 17:10:24 +0000 2015  &amp;  announce that  will be suspended Sat, Jan 24 to facilitate snow removal. Parking meters remain in effect."
Fri Jan 23 15:10:34 +0000 2015 Reminder  over  - intermittent closures of bike lane on Sat's in Jan btn 7am-1pm 
Fri Jan 23 14:15:28 +0000 2015  will be closed for 4 nights btn Jan 26-Feb 6 (btn 10pm-6am). Flaggers/signs to direct traffic. 
Tue Jan 20 20:31:00 +0000 2015 Beginning tonight:  conducting winter pavement work on  s/b E78-E74th. 92nd &amp; E79th entraces closed: 
Tue Jan 20 19:25:18 +0000 2015 Two w/b  lanes btn exit 9 &amp; 11 will be closed Thurs 1/22 from 10pm-5am 1/23 for storm drainage repairs 
Mon Jan 19 12:31:09 +0000 2015 Reminder:  repairs cont  early AM closure 1/20 thru 1/31. Detour info: 
"Sun Jan 18 19:00:54 +0000 2015 Reminder:  is suspended tomorrow for  All other regulations, including parking meters, remain in effect."
Sun Jan 18 16:30:34 +0000 2015  weekday overnight closures resume Mon 1/19 PM (11PM-Mon 6AM) More info   construction 
Fri Jan 16 20:30:27 +0000 2015  One lane will be closed on the Queens-bound Lower Roadway on Sat from 1AM-10AM for repair of the wearing surface.
Fri Jan 16 18:44:49 +0000 2015  To clarify:  Mn-bound detours are during overnight hours: Fri midnight to Sat 7AM &amp; Sat midnight to Sun 9AM.
Fri Jan 16 18:30:30 +0000 2015  overnight detours for Manhattan-bound traffic Fri &amp; Sat PM. Stay up to date  project: 
Fri Jan 16 17:15:36 +0000 2015  is suspended Monday Jan 19 for  Birthday. All other reg's including parking meters remain in effect 
Fri Jan 16 17:05:38 +0000 2015  over  will have intermittent closures of bike lane on Sat's in January btn 7am-1pm 
Fri Jan 16 16:24:35 +0000 2015 1 of 2 lanes on E/B  exit ramp to S/B  will be closed Fri 10am-Sun 3pm to facilitate  work
Thu Jan 15 18:27:06 +0000 2015  This closure is taking place between Exit 18B and Exit 20.
Thu Jan 15 17:56:08 +0000 2015  repairs cont  early AM closure 1/20-1/31. More info:  
Thu Jan 15 17:31:18 +0000 2015 Reminder  lane closures begin tonight at 8pm for Queens-bound lanes. All lanes reopen at midnight 
Thu Jan 15 17:02:53 +0000 2015 Reminder: lane closures on  under 130th St. to begintonight at 10pm; all lanes will reopen tmrw at 5am 
Thu Jan 15 15:01:30 +0000 2015  lane closures begin tonight at 10pm for installation of concrete deck beams. All lanes open Fri at 5am 
Wed Jan 14 19:31:20 +0000 2015 One night btn 1/15-1/26  early AM (12:01-5am) eastbound closures  to  to repair fence 
Tue Jan 13 19:15:36 +0000 2015  will have 1 westbound lane closed tonight 12:01-5am to remove loose concrete/replace shielding 
Mon Jan 12 20:15:18 +0000 2015  lane closures begin Thurs 1/15 at 10pm for installation of concrete deck beams. All lanes open Fri 5am 
Mon Jan 12 15:55:15 +0000 2015 Early AM full bridge closures cont from approx 1am-6am on  : 1/13-1/17 
Mon Jan 12 14:37:11 +0000 2015 Reminder:  early morning lane closures resume tmrw on Qns-bd lower roadway (1/13-3/1) More info: 
Fri Jan 09 23:13:07 +0000 2015  - Overnight detours resume tonight (midnight-7am) &amp; Sat night (midnight-9am Sun) - more info here: 
Thu Jan 08 19:30:52 +0000 2015  will have 1 westbound lane closed Jan 14 12:01-5am to remove loose concrete/replace shielding 
Thu Jan 08 19:01:46 +0000 2015 Upcoming  lane closure: On Jan 15th Queens-bound lane closures begin 8pm - all lanes reopen at midnight 
"Thu Jan 08 18:45:12 +0000 2015 Expect lane closures on  under 130th St. to begin Thur, Jan 15 at 10pm; all lanes will reopen Fri 5am "
Wed Jan 07 16:15:42 +0000 2015  over  will have intermittent closures of bike lane on Sat's in January btn 7am-1pm 
Mon Jan 05 21:00:13 +0000 2015 Overnight detours on  Manhattan-bound traffic resume tonight (11PM-6AM Tues). Learn more here 
Mon Jan 05 20:45:22 +0000 2015 Early AM full bridge closures from 1am-6am on  for 2 weeks:  Begins tomorrow 1/6-1/10 &amp; 1/13-1/17 
Mon Jan 05 20:30:25 +0000 2015 Repairs cont:   to   bound lane PM (12:01-5am) closures Tues/Thur thru 2/27 
"Fri Jan 02 16:01:33 +0000 2015 Reminder: No overnight closures for the  through Sun, Jan 4th. More info: "
